median_house_value,median_income,median_age,tax_paiment
8.0,3.0,28.2,0.38943142367151595
37.0,3.5,42.8,0.3718254925255995
48.0,6.1,72.7,0.6148248734036004
57.0,6.5,54.1,0.5568253648317755
65.0,6.8,83.8,0.6661305898742801
65.0,4.9,114.9,0.4722620510365507
87.0,7.0,106.5,0.6958629259258771
96.0,8.5,78.8,0.8186499661588077
116.0,8.1,76.0,0.8078090915512036
149.0,9.8,98.7,0.9561390984820249
