median_income,median_house_value
8.542600875213225,119.42313065558353
6.7017614490949695,100.91657840192948
6.975962152412132,129.6705942545133
9.480225989375029,135.03011442187295
3.494957566403642,60.44815875157796
3.6076732385732955,52.30135157505744
3.139035063837737,59.0504875341033
8.829024571188352,119.08384141644684
8.447569765165024,129.50099392662378
9.09091702658453,144.49408716197706
