median_income,median_house_value
6.8412694906152485,109.59028673193471
8.006551647354584,141.82333561435425
7.219129730942418,105.41095437442314
6.813741862609724,110.9357580472
5.9646687441239985,60.32605923351784
7.521213684039226,132.07734575840328
6.062250152728207,66.11549032632365
9.243328156433027,139.25942192195555
9.746837818361396,135.9368762479396
5.683018404001106,58.36448326235109
